date,compound
2021-11-05,0.26566
2021-11-06,0.0
2021-11-08,-0.22392500000000004
2021-11-09,0.26405
2021-11-10,0.30822499999999997
2021-11-11,-0.08974999999999998
2021-11-12,0.05812500000000001
2021-11-14,0.4005
2021-11-15,0.609425
2021-11-16,0.3128
2021-11-17,0.33565
2021-11-18,-0.022474999999999995
2021-11-19,0.36175
2021-11-20,0.7506
2021-11-22,0.037625000000000006
2021-11-23,0.34104999999999996
2021-11-24,-0.2612666666666667
2021-11-25,0.297475
2021-11-26,-0.100375
2021-11-29,0.074
2021-11-30,0.03244999999999999
2021-12-09,-0.255625
2021-12-10,0.0015500000000000236
2021-12-11,0.7351
2021-12-13,0.10189999999999999
2021-12-14,-0.026499999999999996
2021-12-15,0.15139999999999998
2021-12-16,0.19832499999999997
2021-12-17,-0.123675
2021-12-18,-0.3753
2021-12-20,0.0
2021-12-21,-0.296
2021-12-22,0.5994
2021-12-23,0.3206
2021-12-24,0.3704
2021-12-25,-0.5499
2021-12-27,0.18127500000000002
2021-12-28,-0.268475
2021-12-29,-0.08952500000000001
2021-12-30,0.2591
2021-12-31,0.1528
2022-01-01,0.4019
2022-01-03,0.24333999999999997
2022-01-04,0.23445
2022-01-05,0.09417500000000001
2022-01-06,0.0639
2022-01-07,-0.07915714285714284
2022-01-08,0.34
2022-01-10,0.21129999999999996
2022-01-11,0.27626
2022-01-12,0.38243333333333335
2022-01-13,0.5162
2022-01-14,0.04633333333333333
2022-01-15,0.7721
2022-01-17,0.18394285714285713
2022-01-18,0.21501764705882354
2022-01-19,0.22499333333333335
2022-01-20,0.1648181818181818
2022-01-21,-0.02936666666666667
2022-01-22,-0.09469999999999999
2022-01-23,-0.34661666666666663
2022-01-24,0.010866666666666682
2022-01-25,0.05283
2022-01-26,0.29237826086956525
2022-01-27,0.0370764705882353
2022-01-28,-0.060805
2022-01-29,-0.10647500000000001
2022-01-30,0.43455
2022-01-31,0.04126111111111111
2022-02-01,0.14528260869565218
2022-02-02,0.07786
2022-02-03,0.08170000000000001
2022-02-04,0.0916235294117647
2022-02-05,0.35960000000000003
2022-02-06,0.19017142857142857
2022-02-07,0.08396
2022-02-08,0.18431666666666668
2022-02-09,0.19464347826086956
2022-02-10,0.09104230769230769
2022-02-11,0.15572083333333334
2022-02-12,0.06972727272727273
2022-02-13,0.31711999999999996
2022-02-14,0.3486388888888889
2022-02-15,0.016464285714285713
2022-02-16,0.11558846153846154
2022-02-17,-0.05922173913043478
2022-02-18,-0.07796923076923078
2022-02-19,-0.10413333333333334
2022-02-20,-0.021050000000000013
2022-02-21,0.10443500000000001
2022-02-22,0.030943478260869576
2022-02-23,0.0638611111111111
2022-02-24,-0.07358709677419355
2022-02-25,0.08768695652173912
2022-02-26,0.2003
2022-02-27,-0.08005
2022-02-28,0.034758064516129034
2022-03-01,0.09612727272727274
2022-03-02,0.07732173913043479
2022-03-03,-0.079625
2022-03-04,-0.03545217391304347
2022-03-05,-0.19338333333333335
2022-03-06,0.27348
2022-03-07,0.06819523809523809
2022-03-08,0.11749090909090909
2022-03-09,0.19608636363636364
2022-03-10,0.1636142857142857
2022-03-11,0.18748571428571428
2022-03-12,-0.26199999999999996
2022-03-13,0.37939999999999996
2022-03-14,-0.001434782608695651
2022-03-15,0.13552857142857144
2022-03-16,0.09458235294117646
2022-03-17,0.05809230769230769
2022-03-18,-0.04862941176470587
2022-03-19,0.11572500000000002
2022-03-20,0.06962499999999999
2022-03-21,0.13294761904761904
2022-03-22,0.20954
2022-03-23,0.14772105263157895
2022-03-24,0.1933076923076923
2022-03-25,0.30179545454545453
2022-03-26,-0.19456666666666667
2022-03-27,0.18084
2022-03-28,0.07902222222222223
2022-03-29,0.15947199999999997
2022-03-30,0.2296125
2022-03-31,0.1422388888888889
2022-04-01,-0.1351181818181818
2022-04-02,0.3145125
2022-04-03,0.3249666666666667
2022-04-04,0.16055882352941175
2022-04-05,0.25711304347826086
2022-04-06,0.28808636363636364
2022-04-07,0.25582941176470586
2022-04-08,0.163292
2022-04-09,0.37170000000000003
2022-04-10,0.35991666666666666
2022-04-11,0.025517391304347825
2022-04-12,-0.0627388888888889
2022-04-13,0.07492307692307691
2022-04-14,0.31905217391304347
2022-04-15,0.14096
2022-04-16,0.27595000000000003
2022-04-17,-0.34113333333333334
2022-04-18,-0.09426875000000001
2022-04-19,0.23825
2022-04-20,-0.025500000000000005
2022-04-21,0.19655882352941176
2022-04-22,0.1399388888888889
2022-04-23,0.15503333333333336
2022-04-24,-0.22869999999999996
2022-04-25,0.18644444444444444
2022-04-26,0.27423846153846154
2022-04-27,0.17083214285714288
2022-04-28,0.08544583333333332
2022-04-29,-0.022260869565217393
2022-04-30,0.07483333333333332
2022-05-01,0.27443999999999996
2022-05-02,0.06829411764705882
2022-05-03,0.08844285714285714
2022-05-04,0.140345
2022-05-05,-0.059533333333333334
2022-05-06,0.22260454545454544
2022-05-07,0.03707500000000001
2022-05-08,-0.06658000000000003
2022-05-09,-0.06672727272727273
2022-05-10,0.04603750000000001
2022-05-11,-0.012024999999999996
2022-05-12,-0.010119999999999999
2022-05-13,0.19958636363636365
2022-05-14,0.082725
2022-05-15,0.57625
2022-05-16,-0.1261722222222222
2022-05-17,0.06952352941176472
2022-05-18,-0.12474166666666665
2022-05-19,-0.1735
2022-05-20,-0.0030315789473684142
2022-05-21,-0.11084999999999998
2022-05-22,0.38582857142857147
2022-05-23,0.23033333333333333
2022-05-24,0.14034583333333334
2022-05-25,0.1392142857142857
2022-05-26,-0.03545555555555556
2022-05-27,-0.11072105263157894
2022-05-28,-0.28381999999999996
2022-05-29,0.17503333333333335
2022-05-30,0.10723809523809524
2022-05-31,0.3072384615384615
2022-06-01,-0.025740909090909092
2022-06-02,0.14112
2022-06-03,0.13773333333333335
2022-06-04,0.0
2022-06-05,0.03508571428571429
2022-06-06,0.07149
2022-06-07,0.18181153846153847
2022-06-08,0.15387
2022-06-09,0.19685555555555556
2022-06-10,0.15300869565217393
2022-06-11,0.08145000000000001
2022-06-12,-0.16595714285714286
2022-06-13,-0.09533666666666667
2022-06-14,-0.036353125
2022-06-15,0.19155769230769232
2022-06-16,0.14546666666666666
2022-06-17,0.13395652173913045
2022-06-18,0.1486
2022-06-19,-0.30085
2022-06-20,0.03883333333333333
2022-06-21,0.07591428571428571
2022-06-22,0.0036913043478260907
2022-06-23,-0.10340869565217392
2022-06-24,0.0952611111111111
2022-06-25,-0.11055
2022-06-26,0.3193333333333333
2022-06-27,0.16058
2022-06-28,0.08851176470588233
2022-06-29,-0.055999999999999994
2022-06-30,-0.06675454545454546
2022-07-01,-0.12210833333333333
2022-07-02,0.17592857142857143
2022-07-03,0.1385125
2022-07-04,-0.007338888888888895
2022-07-05,0.010517391304347817
2022-07-06,0.007716666666666668
2022-07-07,0.12188181818181819
2022-07-08,0.11729545454545455
2022-07-09,-0.15756666666666666
2022-07-10,0.1847714285714286
2022-07-11,-0.03582500000000001
2022-07-12,0.08690588235294118
2022-07-13,0.19831052631578946
2022-07-14,-0.03572941176470588
2022-07-15,0.10320666666666667
2022-07-16,-0.0053285714285714126
2022-07-17,0.14397142857142858
2022-07-18,-0.03631818181818181
2022-07-19,0.16112352941176472
2022-07-20,0.13090000000000002
2022-07-21,0.03172727272727272
2022-07-22,-0.06080666666666666
2022-07-23,-0.12674999999999997
2022-07-24,0.11482
2022-07-25,0.11779375
2022-07-26,-0.027431578947368432
2022-07-27,-0.008107142857142853
2022-07-28,0.10417894736842107
2022-07-29,-0.0845375
2022-07-30,-0.088575
2022-07-31,0.022580000000000024
2022-08-01,-0.013093333333333332
2022-08-02,-0.04504020618556701
2022-08-03,0.01199351145038168
2022-08-04,0.0640135593220339
2022-08-05,0.04942923076923077
2022-08-06,-0.010972881355932206
2022-08-07,-0.045663265306122455
2022-08-08,0.014436575875486383
2022-08-09,0.035608
2022-08-10,0.12657154150197628
2022-08-11,0.11360103626943005
2022-08-12,0.035306060606060605
2022-08-13,0.009104444444444443
2022-08-14,0.05995660377358491
2022-08-15,0.04510314960629921
2022-08-16,0.11561229508196721
2022-08-17,0.011602209944751382
2022-08-18,-0.035043124999999994
2022-08-19,0.031224229074889864
2022-08-20,-0.024700000000000007
2022-08-21,-0.03673333333333333
2022-08-22,-0.04431891891891892
2022-08-23,-0.010166412213740459
2022-08-24,0.05035443786982249
2022-08-25,0.05646034482758621
2022-08-26,0.000554807692307691
2022-08-27,-0.13059523809523807
2022-08-28,0.01725294117647059
2022-08-29,-0.07045042735042735
2022-08-30,0.04491052631578948
2022-08-31,-0.013871641791044779
2022-09-01,-0.022563636363636362
2022-09-02,0.06383523809523808
2022-09-03,0.10887352941176472
2022-09-04,0.060886666666666665
2022-09-05,-0.05782037037037037
2022-09-06,0.04682843137254902
2022-09-07,0.03681818181818182
2022-09-08,0.05659047619047619
2022-09-09,0.03046438356164383
2022-09-10,0.04912888888888889
2022-09-11,0.04920571428571428
2022-09-12,0.08360461538461539
2022-09-13,0.04387857142857143
2022-09-14,-0.05002074074074074
2022-09-15,0.05242554347826087
2022-09-16,0.05214
2022-09-17,-0.024747368421052636
2022-09-18,0.020997435897435898
2022-09-19,-0.04615731707317073
2022-09-20,0.004282010582010579
2022-09-21,0.059548913043478265
2022-09-22,0.05580127388535032
2022-09-23,-0.011786428571428571
2022-09-24,0.12552916666666666
2022-09-25,0.09923333333333334
2022-09-26,0.017717894736842106
2022-09-27,3.546099290780046e-05
2022-09-28,0.054701492537313434
2022-09-29,0.09524055944055944
2022-09-30,0.03654583333333334
2022-10-01,0.023799999999999998
2022-10-02,0.06126666666666666
2022-10-03,0.03165285714285714
2022-10-04,0.006867241379310345
2022-10-05,0.09850275229357798
2022-10-06,0.08028363636363638
2022-10-07,0.03377083333333333
2022-10-08,0.054942500000000005
2022-10-09,-0.07736521739130435
2022-10-10,-0.019607954545454543
2022-10-11,0.03146355140186916
2022-10-12,0.049861607142857145
2022-10-13,0.04031754385964912
2022-10-14,0.0903353982300885
2022-10-15,0.040982758620689654
2022-10-16,0.23933846153846156
2022-10-17,0.07174710743801653
2022-10-18,0.03241147540983607
2022-10-19,0.04890693069306931
2022-10-20,0.02511743119266055
2022-10-21,0.02018333333333333
2022-10-22,0.017113888888888887
2022-10-23,0.1152909090909091
2022-10-24,0.007933333333333334
2022-10-25,0.043263225806451616
2022-10-26,0.04443939393939394
2022-10-27,0.05700803571428571
2022-10-28,0.07825287356321839
2022-10-29,0.05363103448275861
2022-10-30,-0.014577777777777776
2022-10-31,0.07844035087719298
2022-11-01,0.0797825
2022-11-02,0.08798500000000001
2022-11-03,0.031160810810810808
2022-11-04,0.06152564102564103
2022-11-05,0.019764102564102565
2022-11-06,0.08666571428571429
2022-11-07,-0.03361908396946565
2022-11-08,-0.0006888888888888881
2022-11-09,-0.06603574468085106
2022-11-10,-0.009882999999999998
2022-11-11,-0.06772156862745098
2022-11-12,-0.1834967213114754
2022-11-13,-0.18543829787234042
2022-11-14,-0.08809186046511627
2022-11-15,-0.09998932806324111
2022-11-16,-0.11365728476821192
2022-11-17,-0.08834290220820189
2022-11-18,-0.08774279279279279
2022-11-19,-0.037004347826086956
2022-11-20,-0.061051666666666664
2022-11-21,-0.111
2022-11-22,-0.08229356435643564
2022-11-23,-0.07236881720430108
2022-11-24,-0.013956818181818181
2022-11-25,0.003900000000000004
2022-11-26,0.04815
2022-11-27,-0.09186530612244899
2022-11-28,-0.09099162561576354
2022-11-29,-0.042749180327868855
2022-11-30,0.011663235294117646
2022-12-01,-0.09841607142857144
2022-12-02,-0.060325903614457825
2022-12-03,-0.15977096774193547
2022-12-04,-0.049580392156862746
2022-12-05,-0.04585976331360946
2022-12-06,-0.010968393782383418
2022-12-07,-0.04079022988505747
2022-12-08,-0.0001592592592592568
2022-12-09,0.004664383561643836
2022-12-10,-0.046382352941176465
2022-12-11,0.003031111111111109
2022-12-12,-0.11842388663967612
2022-12-13,-0.20118541666666667
2022-12-14,-0.0525664
2022-12-15,-0.05758776371308017
2022-12-16,-0.055825213675213675
2022-12-17,0.04102000000000001
2022-12-18,-0.019433766233766234
2022-12-19,-0.019013131313131308
2022-12-20,0.004005806451612902
2022-12-21,-0.063365625
2022-12-22,-0.106627734375
2022-12-23,-0.03873647798742138
2022-12-24,-0.0631468085106383
2022-12-25,0.11477272727272726
2022-12-26,-0.043166666666666666
2022-12-27,-0.017351666666666668
2022-12-28,0.026008661417322835
2022-12-29,0.04357641509433963
2022-12-30,-0.016683185840707965
2022-12-31,-0.01140681818181818
2023-01-01,0.12110499999999999
2023-01-02,0.007484810126582281
2023-01-03,0.027273750000000003
2023-01-04,0.013807194244604318
2023-01-05,-0.11989999999999999
2023-01-06,-0.05176904761904762
2023-01-07,-0.08899230769230769
2023-01-08,0.1199888888888889
2023-01-09,0.05017684210526316
2023-01-10,-0.037867222222222226
2023-01-11,0.014601935483870962
2023-01-12,0.050254545454545455
2023-01-13,-0.020873999999999997
2023-01-14,0.035654545454545446
2023-01-15,0.010070967741935478
2023-01-16,0.03837263157894737
2023-01-17,-0.03696829268292683
2023-01-18,-0.01971437125748503
2023-01-19,-0.009093846153846154
2023-01-20,0.012966428571428573
2023-01-21,0.03319705882352941
2023-01-22,0.07751842105263158
2023-01-23,0.019146103896103897
2023-01-24,0.06712232142857143
2023-01-25,-0.08049875
2023-01-26,0.054194285714285716
2023-01-27,0.0068939849624060105
2023-01-28,-0.03474285714285715
2023-01-29,0.009062962962962964
2023-01-30,0.0908787610619469
2023-01-31,0.08158120805369128
2023-02-01,0.049592546583850934
2023-02-02,0.004469827586206896
2023-02-03,-0.022054666666666667
2023-02-04,0.015577999999999995
2023-02-05,-0.06904750000000001
2023-02-06,-0.00784261363636363
2023-02-07,0.04831489361702128
2023-02-08,0.10472628205128205
2023-02-09,0.03723771428571429
2023-02-10,0.07307913669064749
2023-02-11,0.2116
2023-02-12,0.28236153846153844
2023-02-13,0.11269758064516129
2023-02-14,0.059723200000000004
2023-02-15,0.06919444444444445
2023-02-16,0.00012321428571428601
2023-02-17,0.06942564102564103
2023-02-18,0.05560344827586206
2023-02-19,-0.08962916666666666
2023-02-20,0.02057826086956522
2023-02-21,-0.025847619047619046
2023-02-22,0.011407547169811317
2023-02-23,-0.038090209790209786
2023-02-24,-0.004410891089108908
2023-02-25,0.05262105263157895
2023-02-26,-0.026172
2023-02-27,0.014729591836734696
2023-02-28,-0.0868983870967742
2023-03-01,0.031684313725490194
2023-03-02,-0.04054341085271317
2023-03-03,-0.0137
2023-03-04,-0.09235121951219512
2023-03-05,-0.06777999999999999
2023-03-06,0.024148214285714287
2023-03-07,0.06152583333333333
2023-03-08,0.0029411290322580636
2023-03-09,-0.03938914285714285
2023-03-10,-0.14263381642512077
2023-03-11,-0.25506101694915256
2023-03-12,-0.17014528301886792
2023-03-13,-0.1556697318007663
2023-03-14,-0.05142154696132596
2023-03-15,-0.1291860465116279
2023-03-16,-0.025851333333333334
2023-03-17,-0.05127007874015748
2023-03-18,-0.10671162790697676
2023-03-19,-0.049289189189189196
2023-03-20,-0.05700367647058824
2023-03-21,0.017778625954198473
2023-03-22,-0.06710689655172412
2023-03-23,-0.05177777777777778
2023-03-24,-0.09074296875
2023-03-25,0.010994594594594597
2023-03-26,-0.058768965517241374
2023-03-27,-0.006913138686131387
2023-03-28,-0.07323161764705882
2023-03-29,-0.005058461538461536
2023-03-30,-0.069129203539823
2023-03-31,0.016860747663551404
2023-04-01,0.0011111111111111122
2023-04-02,-0.024047368421052637
2023-04-03,0.04655934959349593
2023-04-04,0.06795508474576271
2023-04-05,0.002302941176470591
2023-04-06,-0.01374021739130434
2023-04-07,0.08294516129032257
2023-04-08,-0.0009235294117647119
2023-04-09,-0.07828275862068966
2023-04-10,-0.04368793103448275
2023-04-11,0.0538855421686747
2023-04-12,0.07926170212765958
2023-04-13,0.08050655737704918
2023-04-14,0.027087058823529412
2023-04-15,0.054810000000000005
2023-04-16,-0.004260000000000002
2023-04-17,0.019001219512195123
2023-04-18,0.05126846846846847
2023-04-19,0.04850919540229885
2023-04-20,0.018753535353535356
2023-04-21,-0.01550561797752809
2023-04-22,0.20776521739130435
2023-04-23,-0.10945263157894737
2023-04-24,0.08876037735849056
2023-04-25,-0.040408064516129036
2023-04-26,-0.00552631578947368
2023-04-27,0.0181031914893617
2023-04-28,-0.08605769230769231
2023-04-29,-0.03808125000000001
2023-04-30,0.1353578947368421
2023-05-01,0.03331142857142857
2023-05-02,-0.03189506172839507
2023-05-03,0.016884536082474227
2023-05-04,-0.0578076923076923
2023-05-05,0.09018644067796609
2023-05-06,-0.09415
2023-05-07,0.05556206896551724
2023-05-08,-0.004978899082568807
2023-05-09,-0.02949911504424779
2023-05-10,0.02251889763779528
2023-05-11,-0.04289469696969697
2023-05-12,0.041601851851851855
2023-05-13,0.11634999999999998
2023-05-14,0.13963846153846154
2023-05-15,0.05877
2023-05-16,0.06141452991452992
2023-05-17,0.10576078431372549
2023-05-18,0.0685265306122449
2023-05-19,0.009919387755102038
2023-05-20,-0.006654054054054051
2023-05-21,-0.05909411764705882
2023-05-22,0.08193737373737374
2023-05-23,0.05724315789473684
2023-05-24,-0.0002635593220338966
2023-05-25,0.039125
2023-05-26,0.01095769230769231
2023-05-27,0.05145384615384615
2023-05-28,-0.024793939393939396
2023-05-29,0.013890909090909087
2023-05-30,0.03616612903225806
2023-05-31,0.007870967741935483
2023-06-01,0.029796039603960395
2023-06-02,0.04190921052631579
2023-06-03,-0.10459375
2023-06-04,-0.06124
2023-06-05,-0.07989533333333333
2023-06-06,-0.08187746478873238
2023-06-07,0.03300425531914893
2023-06-08,0.048923148148148146
2023-06-09,-0.009183333333333333
2023-06-10,-0.04683888888888889
2023-06-11,-0.03006315789473685
2023-06-12,-0.005796551724137928
2023-06-13,0.08882999999999999
2023-06-14,0.021855555555555555
2023-06-15,-0.0267
2023-06-16,0.0827451923076923
2023-06-17,-0.1287090909090909
2023-06-18,0.05075405405405406
2023-06-19,-0.0067637931034482774
2023-06-20,0.09432790697674419
2023-06-21,0.12756384615384617
2023-06-22,0.08359338235294118
2023-06-23,0.045564601769911506
2023-06-24,-0.05670666666666667
2023-06-25,-0.007182142857142855
2023-06-26,0.05261596638655462
2023-06-27,0.06426875
2023-06-28,-0.044437142857142856
2023-06-29,0.10697362637362638
2023-06-30,0.11246813186813187
2023-07-01,0.09828947368421052
2023-07-02,0.05738333333333334
2023-07-03,0.09119875
2023-07-04,0.1475
2023-07-05,0.0564360824742268
2023-07-06,0.0596218045112782
2023-07-07,0.02099191919191919
2023-07-08,0.07469600000000001
2023-07-09,0.10308095238095237
2023-07-10,0.05134545454545455
2023-07-11,0.08171495327102804
2023-07-12,0.09753513513513513
2023-07-13,-0.009600684931506846
2023-07-14,0.09534874371859296
2023-07-15,-0.04167692307692307
2023-07-16,0.07891
2023-07-17,0.029196226415094343
2023-07-18,0.05902268041237113
2023-07-19,0.17000194174757283
2023-07-20,0.10837553191489362
2023-07-21,0.011822580645161295
2023-07-22,-0.013387878787878773
2023-07-23,-0.04515416666666666
2023-07-24,0.03744504504504505
2023-07-25,0.1311170068027211
2023-07-26,-0.02051829268292683
2023-07-27,0.04486
2023-07-28,0.0849858208955224
2023-07-29,-0.07796730769230768
2023-07-30,0.03652264150943396
2023-07-31,-0.04048502673796791
2023-08-01,0.02457738095238095
2023-08-02,0.049043575418994415
2023-08-03,0.035974418604651164
2023-08-04,0.038501503759398495
2023-08-05,-0.17142608695652176
2023-08-06,-0.004449999999999995
2023-08-07,0.07818595041322314
2023-08-08,0.06892173913043478
2023-08-09,0.048085046728971965
2023-08-10,0.04576951219512195
2023-08-11,-0.008756557377049178
2023-08-12,0.18119473684210527
2023-08-13,0.19965000000000002
2023-08-14,0.0339504
2023-08-15,0.07612945736434108
2023-08-16,0.10997421875
2023-08-17,-0.019120183486238528
2023-08-18,-0.05738571428571429
2023-08-19,-0.10676363636363637
2023-08-20,-0.0684483870967742
2023-08-21,0.04492100840336134
2023-08-22,0.04119831932773109
2023-08-23,-0.04322666666666666
2023-08-24,0.02318
2023-08-25,0.014716279069767448
2023-08-26,-0.03791250000000001
2023-08-27,0.0566
2023-08-28,0.0585803738317757
2023-08-29,0.06034285714285714
2023-08-30,0.09929857142857143
2023-08-31,0.10898611111111112
2023-09-01,0.05571447368421053
2023-09-02,0.09657777777777778
2023-09-03,0.015118181818181808
2023-09-04,0.0688547619047619
2023-09-05,0.015156989247311828
2023-09-06,-0.06485421686746988
2023-09-07,-0.11331553398058253
2023-09-08,-0.030554651162790693
2023-09-09,-0.13821666666666668
2023-09-10,0.10437777777777778
2023-09-11,-0.005276842105263153
2023-09-12,0.035440000000000006
2023-09-13,0.027805673758865248
2023-09-14,0.1329863247863248
2023-09-15,-0.017843617021276594
2023-09-16,0.1263857142857143
2023-09-17,0.13050714285714285
2023-09-18,0.054014285714285716
2023-09-19,0.016833898305084746
2023-09-20,-0.03404416666666667
2023-09-21,0.04898292682926829
2023-09-22,-0.008566346153846154
2023-09-23,0.040976
2023-09-24,-0.12685714285714284
2023-09-25,-0.005923655913978493
2023-09-26,0.050797999999999996
2023-09-27,0.03237279411764706
2023-09-28,0.062107826086956516
2023-09-29,0.013422330097087386
2023-09-30,0.12145217391304348
2023-10-01,-0.12587837837837837
2023-10-02,0.05646318681318681
2023-10-03,-0.07252234636871509
2023-10-04,-0.04715092024539877
2023-10-05,0.03441472081218274
2023-10-06,0.0422421875
2023-10-07,-0.15188709677419354
2023-10-08,-0.020881818181818182
2023-10-09,-0.064493
2023-10-10,0.06162655172413793
2023-10-11,-0.04133048780487805
2023-10-12,-0.005559310344827585
2023-10-13,0.060864912280701754
2023-10-14,0.0028428571428571366
2023-10-15,0.019017241379310348
2023-10-16,0.041179600000000004
2023-10-17,-0.021966666666666666
2023-10-18,0.04215583333333333
2023-10-19,-0.03588343949044586
2023-10-20,0.03181953125
2023-10-21,-0.04431212121212121
2023-10-22,0.0802304347826087
2023-10-23,0.11730230769230769
2023-10-24,0.1332229411764706
2023-10-25,-0.016401190476190472
2023-10-26,0.0018522613065326651
2023-10-27,-0.06975390070921986
2023-10-28,-0.0687875
2023-10-29,0.15505925925925926
2023-10-30,0.006411034482758622
2023-10-31,0.0003235294117647062
2023-11-01,0.040565584415584416
2023-11-02,-0.05717268292682927
2023-11-03,-0.11641052631578946
2023-11-04,-0.0975709677419355
2023-11-05,0.07930689655172414
2023-11-06,-0.023813259668508283
2023-11-07,0.004425294117647058
2023-11-08,0.052397191011235945
2023-11-09,0.05884263157894737
2023-11-10,0.01628157894736842
2023-11-11,-0.09647209302325581
2023-11-12,-0.12193529411764707
2023-11-13,0.04513008130081301
2023-11-14,0.0747609375
2023-11-15,0.1350123287671233
2023-11-16,0.10206929133858267
2023-11-17,0.09353271028037383
2023-11-18,-0.2125923076923077
2023-11-19,0.15548333333333333
2023-11-20,0.118062441314554
2023-11-21,-0.079539
2023-11-22,0.03890925925925926
2023-11-23,0.13270727272727273
2023-11-24,0.08043333333333333
2023-11-25,0.15028518518518522
2023-11-26,0.04856521739130436
2023-11-27,0.014951181102362208
2023-11-28,0.059519444444444444
2023-11-29,0.0378
2023-11-30,0.15828527131782946
2023-12-01,0.12590530973451328
2023-12-02,0.12118823529411765
2023-12-03,0.020785714285714286
2023-12-04,0.06785906432748538
2023-12-05,0.09417191780821918
2023-12-06,0.042912025316455694
2023-12-07,0.037177181208053696
2023-12-08,0.12817752808988764
2023-12-09,0.17764285714285716
2023-12-10,0.27148
2023-12-11,0.06068510638297873
2023-12-12,0.0609
2023-12-13,0.06587087378640777
2023-12-14,0.23191634615384615
2023-12-15,0.1177863247863248
2023-12-16,0.022860000000000002
2023-12-17,0.022481159420289852
2023-12-18,0.09733780487804879
2023-12-19,0.11597844827586207
2023-12-20,0.10858474576271188
2023-12-21,0.018951041666666668
2023-12-22,0.18433783783783783
2023-12-23,0.07086923076923077
2023-12-24,-0.03988235294117648
2023-12-25,0.171009375
2023-12-26,0.07822912621359224
2023-12-27,0.13422625
2023-12-28,0.04122784810126583
2023-12-29,0.04581999999999999
2023-12-30,0.09985384615384615
2023-12-31,0.08423529411764706
2024-01-01,0.07044615384615385
2024-01-02,0.030188135593220342
2024-01-03,-0.03511358024691358
2024-01-04,0.08001825396825397
2024-01-05,0.12071351351351352
2024-01-06,0.0777
2024-01-07,0.03181111111111111
2024-01-08,0.020919587628865983
2024-01-09,-0.04556222222222222
2024-01-10,0.07961273885350319
2024-01-11,0.11397125748502994
2024-01-12,0.042357009345794394
2024-01-13,0.06311111111111112
2024-01-14,0.17177333333333333
2024-01-15,0.02591785714285714
2024-01-16,-0.03682125984251969
2024-01-17,0.02118235294117647
2024-01-18,0.004317142857142857
2024-01-19,-0.00810821917808219
2024-01-20,0.002280952380952376
2024-01-21,-0.13008
2024-01-22,0.01796336633663366
2024-01-23,-0.027794444444444445
2024-01-24,0.07767068965517242
2024-01-25,0.05459775280898877
2024-01-26,0.09369487179487179
2024-01-27,-0.07473636363636364
2024-01-28,-0.20771111111111112
2024-01-29,0.049502985074626873
2024-01-30,0.0297125
2024-01-31,0.042760493827160496
2024-02-01,0.013378571428571429
2024-02-02,0.03176216216216217
2024-02-03,-0.053632
2024-02-04,0.11664090909090909
2024-02-05,0.1009625
2024-02-06,0.08749135802469137
2024-02-07,0.029845
2024-02-08,0.006397499999999999
2024-02-09,0.034051470588235294
2024-02-10,0.14029375
2024-02-11,0.25162727272727275
2024-02-12,0.13977875
2024-02-13,0.08858604651162791
2024-02-14,0.05594888888888889
2024-02-15,0.13802254901960784
2024-02-16,0.043784415584415586
2024-02-17,0.07525000000000001
2024-02-18,0.1250529411764706
2024-02-19,0.03464358974358974
2024-02-20,0.039643055555555556
2024-02-21,-0.005247727272727273
2024-02-22,0.10099473684210525
2024-02-23,0.06780909090909092
2024-02-24,-0.06040714285714285
2024-02-25,-0.10256666666666665
2024-02-26,0.014756249999999999
2024-02-27,0.1140618181818182
2024-02-28,-0.07803478260869566
2024-02-29,-0.014759183673469388
2024-03-01,-0.02933461538461539
2024-03-02,0.021658333333333335
2024-03-03,0.027500000000000004
2024-03-04,0.032706382978723414
2024-03-05,-0.05302247191011236
2024-03-06,-0.05899537037037037
2024-03-07,-0.011417582417582414
2024-03-08,0.13046666666666668
2024-03-09,-0.018721428571428566
2024-03-10,-0.011157142857142853
2024-03-11,0.08252117647058824
2024-03-12,0.0033065217391304385
2024-03-13,0.0005087499999999974
2024-03-14,0.032369117647058826
2024-03-15,-0.0024012987012987006
2024-03-16,-0.07920909090909091
2024-03-17,-0.03244166666666667
2024-03-18,0.07005869565217392
2024-03-19,-0.03192394366197183
2024-03-20,-0.049114062499999986
2024-03-21,-0.013201587301587296
2024-03-22,-0.01250188679245283
2024-03-23,-0.04298125
2024-03-24,-0.07225384615384615
2024-03-25,-0.0010486486486486481
2024-03-26,0.016170103092783508
2024-03-27,-0.029402564102564106
2024-03-28,-0.14002248995983935
2024-03-29,0.0010715384615384623
2024-03-30,0.02012631578947368
2024-03-31,-0.09150238095238095
2024-04-01,-0.09988266666666666
2024-04-02,-0.07571617647058823
2024-04-03,0.06251923076923077
2024-04-04,-0.007691891891891891
2024-04-05,0.0376952380952381
2024-04-06,-0.020621052631578943
2024-04-07,-0.032600000000000004
2024-04-08,0.06736493506493507
2024-04-09,0.03611546391752577
2024-04-10,0.02209083969465649
2024-04-11,0.008214634146341463
2024-04-12,0.052117142857142855
2024-04-13,-0.16619130434782609
2024-04-14,-0.15227666666666667
2024-04-15,0.0606325
2024-04-16,0.0034492753623188484
2024-04-17,-0.021652499999999998
2024-04-18,0.04111935483870968
2024-04-19,-0.037565137614678897
2024-04-20,-0.086995
2024-04-21,-0.017197916666666667
2024-04-22,0.028915671641791044
2024-04-23,-0.044019259259259265
2024-04-24,-0.051732
2024-04-25,-0.09511185185185185
2024-04-26,-0.04508899082568807
2024-04-27,-0.08905
2024-04-28,-0.08081538461538461
2024-04-29,0.06570987654320988
2024-04-30,-0.08657190082644628
2024-05-01,-0.0746
2024-05-02,0.016524999999999998
2024-05-03,0.02801485148514852
2024-05-04,-0.004731250000000003
2024-05-05,-0.034527272727272726
2024-05-06,0.011738532110091744
2024-05-07,-0.03983333333333333
2024-05-08,-0.060136875
2024-05-09,0.019934246575342464
2024-05-10,-0.03208974358974359
2024-05-11,-0.06983928571428571
2024-05-12,-0.0077625000000000055
2024-05-13,-0.015784536082474227
2024-05-14,-0.02409268292682927
2024-05-15,0.05071052631578947
2024-05-16,0.03357727272727273
2024-05-17,0.014137704918032791
2024-05-18,0.011275000000000006
2024-05-19,0.10349666666666665
2024-05-20,0.040580412371134016
2024-05-21,0.1586173553719008
2024-05-22,0.065692
2024-05-23,0.03586698113207547
2024-05-24,0.05266119402985075
2024-05-25,-0.12233714285714287
2024-05-26,-0.05907407407407407
2024-05-27,0.03314705882352941
2024-05-28,-0.002339999999999997
2024-05-29,0.014531818181818186
2024-05-30,0.05265350877192983
2024-05-31,0.06191978021978022
2024-06-01,-0.040465625000000005
2024-06-02,-0.06784814814814814
2024-06-03,0.017805208333333333
2024-06-04,0.043784
2024-06-05,0.021247297297297296
2024-06-06,0.03803535353535354
2024-06-07,0.0342958904109589
2024-06-08,0.21052105263157897
2024-06-09,0.06638636363636365
2024-06-10,0.04341978021978022
2024-06-11,0.04336235294117646
2024-06-12,0.0145
2024-06-13,0.0024518181818181835
2024-06-14,0.03749016393442623
2024-06-15,-0.1394
2024-06-16,-0.12895
2024-06-17,0.040230666666666665
2024-06-18,0.03463150684931507
2024-06-19,0.12287714285714285
2024-06-20,0.027708421052631577
2024-06-21,0.029179687500000002
2024-06-22,-0.01894999999999999
2024-06-23,0.024088235294117646
2024-06-24,-0.04222666666666666
2024-06-25,0.0015173913043478298
2024-06-26,0.03441176470588236
2024-06-27,0.07598153846153846
2024-06-28,0.044809009009009006
2024-06-29,-0.022975
2024-06-30,-0.005293749999999986
2024-07-01,0.0019441558441558456
2024-07-02,-0.002091304347826087
2024-07-03,0.005450000000000001
2024-07-04,-0.013135714285714287
2024-07-05,-0.015281203007518793
2024-07-06,-0.03266190476190477
2024-07-07,-0.18788571428571427
2024-07-08,-0.041944444444444444
2024-07-09,-0.005593939393939392
2024-07-10,-0.03713735632183908
2024-07-11,0.034214743589743586
2024-07-12,-0.026780172413793105
2024-07-13,-0.04337659574468086
2024-07-14,-0.2863742857142857
2024-07-15,-0.06600400000000001
2024-07-16,-0.046273394495412845
2024-07-17,0.0919690909090909
2024-07-18,-0.0006226562500000004
2024-07-19,-0.02162043795620438
2024-07-20,-0.153609375
2024-07-21,0.038002325581395345
2024-07-22,0.06962218309859156
2024-07-23,0.05219634146341463
2024-07-24,0.03397413793103449
2024-07-25,-0.0404910447761194
2024-07-26,0.036502400000000004
2024-07-27,0.03786704545454545
2024-07-28,-0.09575128205128204
2024-07-29,0.024284523809523808
2024-07-30,-0.008714102564102568
2024-07-31,-0.007733644859813082
2024-08-01,-0.015173913043478258
2024-08-02,-0.036364864864864864
2024-08-03,-0.1572695652173913
2024-08-04,-0.07406666666666667
2024-08-05,-0.1254696551724138
2024-08-06,-0.05387757009345794
2024-08-07,0.008723880597014925
2024-08-08,-0.0055203124999999974
2024-08-09,0.0464604938271605
2024-08-10,-0.1192181818181818
2024-08-11,-0.03638947368421053
2024-08-12,0.027298795180722885
2024-08-13,0.006203614457831325
2024-08-14,-0.014511267605633803
2024-08-15,0.0021028169014084505
2024-08-16,0.11276756756756756
2024-08-17,0.012564705882352936
2024-08-18,-0.0413
2024-08-19,0.08893086419753087
2024-08-20,-0.0034679487179487176
2024-08-21,-0.009467777777777778
2024-08-22,0.010552713178294575
2024-08-23,0.06315942028985508
2024-08-24,0.1214
2024-08-25,-0.050994117647058836
2024-08-26,-0.005164197530864196
2024-08-27,0.04908955223880596
2024-08-28,0.03408659793814433
2024-08-29,-0.007923300970873785
2024-08-30,0.007740259740259738
2024-08-31,-0.022914285714285713
2024-09-01,-0.03633142857142857
2024-09-02,-0.034776086956521735
2024-09-03,0.007517241379310348
2024-09-04,-0.04049139784946237
2024-09-05,0.0012888030888030888
2024-09-06,-0.007230379746835445
2024-09-07,0.024002
2024-09-08,0.05560975609756097
2024-09-09,-0.03973076923076923
2024-09-10,-0.07315423728813558
2024-09-11,-0.022585380116959063
2024-09-12,0.0834816513761468
2024-09-13,0.00411917808219178
2024-09-14,0.01965625
2024-09-15,-0.3410521739130435
2024-09-16,-0.059293162393162395
2024-09-17,0.016947058823529405
2024-09-18,0.08645121951219513
2024-09-19,0.05288233215547703
2024-09-20,-0.06099370629370629
2024-09-21,-0.123142
2024-09-22,-0.010752830188679247
2024-09-23,0.0352029702970297
2024-09-24,-0.0511969696969697
2024-09-25,0.0749009900990099
2024-09-26,0.037130666666666666
2024-09-27,0.04073977272727272
2024-09-28,0.11918095238095239
2024-09-29,-0.061408695652173904
2024-09-30,0.09698951612903225
2024-10-01,-0.002447619047619044
2024-10-02,0.020353260869565216
2024-10-03,0.04617215189873418
2024-10-04,0.05571408450704226
2024-10-05,0.12246296296296295
2024-10-06,0.05380588235294118
2024-10-07,0.01959191919191919
2024-10-08,0.054336363636363634
2024-10-09,-0.017712903225806455
2024-10-10,0.0557375
2024-10-11,0.10672499999999999
2024-10-12,0.1591
2024-10-13,-0.07243333333333332
2024-10-14,0.08165714285714286
2024-10-15,-0.13768666666666668
2024-10-16,0.06236923076923077
2024-10-17,-0.08508750000000001
2024-10-18,-0.034238888888888895
2024-10-19,-0.11095714285714285
2024-10-20,0.0256
2024-10-21,0.029335999999999997
2024-10-22,0.018412765957446807
2024-10-23,-0.03234583333333333
2024-10-24,0.033833333333333326
2024-10-25,-0.0641125
2024-10-26,0.14864
2024-10-27,0.0065999999999999835
2024-10-28,0.022920000000000006
2024-10-29,-0.010691304347826083
2024-10-30,-0.034938709677419355
2024-10-31,0.13130799999999998
2024-11-01,0.12873529411764706
2024-11-02,0.05267499999999999
2024-11-03,-0.02829
2024-11-04,0.06740769230769231
2024-11-05,0.13943333333333333
2024-11-06,0.20884054054054055
2024-11-07,0.13020222222222222
2024-11-08,0.1419421052631579
2024-11-09,0.049525000000000007
2024-11-10,0.08472300884955752
2024-11-11,0.11546749999999999
2024-11-12,0.09621625
2024-11-13,0.11470403587443946
2024-11-14,0.06964972067039106
2024-11-15,0.03609747899159664
2024-11-16,0.08018275862068966
2024-11-17,0.09059245283018869
2024-11-18,0.07506760563380281
2024-11-19,0.08168283582089551
2024-11-20,-0.05314508196721311
2024-11-21,-0.017024232081911263
2024-11-22,0.017972489082969435
2024-11-23,-0.02928933333333333
2024-11-24,0.03782692307692307
2024-11-25,0.08766580645161291
2024-11-26,0.002867857142857142
2024-11-27,0.0979675
2024-11-28,0.07940746268656716
2024-11-29,0.1279294117647059
2024-11-30,-0.019353571428571432
2024-12-01,0.15485357142857142
2024-12-02,0.11091470588235294
2024-12-03,-0.04598837209302325
2024-12-04,0.05518375
2024-12-05,0.048553501945525296
2024-12-06,0.023044126984126983
2024-12-07,-0.002774257425742573
2024-12-08,0.08019719626168223
2024-12-09,-0.018955909090909093
2024-12-10,0.008087030716723547
2024-12-11,0.07591985815602838
2024-12-12,0.1254542105263158
2024-12-13,0.042173333333333334
2024-12-14,-0.015142857142857142
2024-12-15,0.10524571428571429
2024-12-16,0.13722149532710282
2024-12-17,-0.013786448598130838
2024-12-18,0.07502974137931034
2024-12-19,0.024087421383647802
2024-12-20,0.10894303797468355
2024-12-21,0.31023999999999996
2024-12-22,0.30647627118644066
2024-12-23,0.10047225433526012
2024-12-24,0.1352895
2024-12-25,0.20540333333333333
2024-12-26,0.13918083333333334
2024-12-27,0.12837083333333332
2024-12-28,0.047224999999999996
2024-12-29,-0.006662857142857143
2024-12-30,0.203879375
2024-12-31,0.04386
2025-01-01,0.021023529411764705
2025-01-02,0.1763868995633188
2025-01-03,-0.052409
2025-01-04,0.07992765957446808
2025-01-05,0.2931173913043478
2025-01-06,0.026227777777777787
2025-01-07,0.042047169811320756
2025-01-08,0.10385157894736842
2025-01-09,-0.04269375000000001
2025-01-10,-0.02427777777777778
2025-01-11,-0.023319512195121947
2025-01-12,0.22935285714285714
2025-01-13,-0.010587946428571427
2025-01-14,0.02712598039215686
2025-01-15,0.010693023255813951
2025-01-16,0.11681926605504588
2025-01-17,0.07158691588785046
2025-01-18,0.06223904761904762
2025-01-19,0.09667033898305084
2025-01-20,0.02883311258278146
2025-01-21,0.0804873015873016
2025-01-22,0.06584102564102565
2025-01-23,0.053579668049792535
2025-01-24,0.04997762237762238
2025-01-25,0.05826470588235294
2025-01-26,0.2245012195121951
2025-01-27,-0.059320105820105815
2025-01-28,0.04430862619808307
2025-01-29,0.0888265306122449
2025-01-30,0.016420958083832333
2025-01-31,0.04514300518134716
2025-02-01,-0.03323666666666667
2025-02-02,0.016751428571428573
2025-02-03,-0.0009968085106383004
2025-02-04,0.08331119402985075
2025-02-05,0.011320779220779214
2025-02-06,0.02636511627906976
2025-02-07,-0.0314
2025-02-08,0.080155
2025-02-09,0.1697754098360656
2025-02-10,0.0356021645021645
2025-02-11,-0.031429761904761905
2025-02-12,0.0543186046511628
2025-02-13,-0.014554028436018955
2025-02-14,0.05655555555555555
2025-02-15,-0.2754225806451613
2025-02-16,-0.15931506849315066
2025-02-17,-0.01913109756097561
2025-02-18,0.07928644859813085
2025-02-19,-0.05248677685950413
2025-02-20,-0.038815053763440854
2025-02-21,0.023801953125
2025-02-22,-0.12537446808510638
2025-02-23,-0.06709148936170212
2025-02-24,-0.020854237288135596
2025-02-25,0.052718269230769235
2025-02-26,0.009962844036697253
2025-02-27,-0.04101423220973782
2025-02-28,0.0018069498069498077
2025-03-01,-0.0050546666666666734
2025-03-02,0.05283662790697674
2025-03-03,0.07933354735152488
2025-03-04,0.0027876857749469224
2025-03-05,0.10641597337770382
2025-03-06,0.019360108548168248
2025-03-07,0.008656606397774689
2025-03-08,0.06735820105820106
2025-03-09,-0.19196477987421384
2025-03-10,-0.03204668674698795
2025-03-11,0.06292307692307693
2025-03-12,-0.003813241106719365
2025-03-13,0.02642374245472837
2025-03-14,0.02881454138702461
2025-03-15,0.15168137254901962
2025-03-16,0.002822077922077923
2025-03-17,0.10966419213973799
2025-03-18,0.0836798715203426
2025-03-19,0.04916526717557252
2025-03-20,0.07022844036697248
2025-03-21,-0.011245866666666667
2025-03-22,-0.04867727272727273
2025-03-23,0.0651566371681416
2025-03-24,0.10018076923076924
2025-03-25,0.08847367088607595
2025-03-26,0.05863306288032455
2025-03-27,0.03685917602996255
2025-03-28,0.04144127659574468
2025-03-29,-0.0058455696202531675
2025-03-30,-0.018221052631578947
2025-03-31,0.04879184692179701
2025-04-01,0.022495926680244402
2025-04-02,0.07571153846153847
2025-04-03,0.013771212121212125
2025-04-04,0.010354906542056076
2025-04-05,0.1714241935483871
2025-04-06,-0.08203823529411765
2025-04-07,-0.09647716981132075
2025-04-08,0.00293905882352941
2025-04-09,0.13016107382550335
2025-04-10,0.0005183986371379878
2025-04-11,0.06879582366589328
2025-04-12,0.025245762711864413
2025-04-13,-0.06955666666666667
2025-04-14,0.05686355748373102
2025-04-15,0.21200092378752888
2025-04-16,0.06888666666666667
2025-04-17,-0.02152745098039216
2025-04-18,0.03670450819672132
2025-04-19,0.17066813186813187
2025-04-20,0.056352631578947356
2025-04-21,0.08219889135254989
2025-04-22,0.028099274047186935
2025-04-23,0.1093
2025-04-24,0.1699875
2025-04-25,0.09077811059907834
2025-04-26,0.1826326923076923
2025-04-27,-0.10684444444444445
2025-04-28,0.04284597701149426
2025-04-29,0.1046548
2025-04-30,0.05733560975609756
2025-05-01,0.1162
2025-05-02,0.06511412639405204
2025-05-03,0.05465
2025-05-04,-0.0252228813559322
2025-05-05,0.02909605077574048
2025-05-06,0.09955705329153605
2025-05-07,0.12850162748643762
2025-05-08,0.1103739898989899
2025-05-09,0.13389053084648495
2025-05-10,0.23182903225806453
2025-05-11,-0.04497378640776699
2025-05-12,0.10871003236245955
2025-05-13,0.17485402597402597
2025-05-14,0.05707571428571429
2025-05-15,0.11067578534031415
2025-05-16,0.17995952380952382
2025-05-17,0.25045510204081634
2025-05-18,0.07138916666666667
2025-05-19,0.08137065868263474
2025-05-20,0.09963543307086614
2025-05-21,0.09916675675675675
2025-05-22,0.10888194444444443
2025-05-23,0.01871550925925926
2025-05-24,-0.1264516129032258
2025-05-25,-0.01578833333333333
2025-05-26,0.1278490566037736
2025-05-27,0.06774678899082569
2025-05-28,0.1075134477825465
2025-05-29,0.0672328173374613
2025-05-30,0.0866895966029724
2025-05-31,0.05568913043478261
2025-06-01,-0.054739568345323744
2025-06-02,0.047598138297872336
2025-06-03,0.09346025641025642
2025-06-04,0.033639583333333334
2025-06-05,0.05293088552915767
2025-06-06,0.005187280701754386
2025-06-07,0.029787499999999998
2025-06-08,-0.0747792
2025-06-09,0.09690333951762523
2025-06-10,0.09797993138936535
2025-06-11,0.02977114624505929
2025-06-12,0.007619379844961238
2025-06-13,0.014121951219512196
2025-06-14,0.042622999999999994
2025-06-15,-0.12973417721518984
2025-06-16,0.04119831932773109
2025-06-17,-0.0020048355899419733
2025-06-18,0.07167992633517496
2025-06-19,0.06193772455089821
2025-06-20,-0.003185907859078592
2025-06-21,0.13393086419753086
2025-06-22,-0.08581368421052632
2025-06-23,0.08243086419753087
2025-06-24,0.10378368421052632
2025-06-25,0.17570623608017819
2025-06-26,0.11651292875989445
2025-06-27,0.06595774278215223
2025-06-28,0.26659375
2025-06-29,0.09674375
2025-06-30,0.12739596412556053
2025-07-01,0.10430468319559229
2025-07-02,0.11907511210762332
2025-07-03,0.19095421686746988
2025-07-04,0.17600095693779905
2025-07-05,0.22776700000000002
2025-07-06,0.21464455445544556
2025-07-07,0.10519497716894978
2025-07-08,0.1294956989247312
2025-07-09,0.029778048780487804
2025-07-10,0.10886610169491526
2025-07-11,0.1241201550387597
2025-07-12,0.20885363636363638
2025-07-13,-0.03313636363636364
2025-07-14,0.04481475409836066
2025-07-15,0.09809015151515152
2025-07-16,0.08395483870967742
2025-07-17,0.07733962264150944
2025-07-18,0.1328710810810811
2025-07-19,0.18134245283018868
2025-07-20,0.1661768292682927
2025-07-21,0.1436145631067961
2025-07-22,0.06887619047619048
2025-07-23,0.11478025477707007
2025-07-24,0.029008000000000003
2025-07-25,0.14349126213592234
2025-07-26,0.10752307692307693
2025-07-27,0.0027514285714285713
2025-07-28,0.016821212121212122
2025-07-29,0.051210942249240124
2025-07-30,0.08601994047619048
2025-07-31,0.03794352517985612
2025-08-01,0.03707476190476191
2025-08-02,0.0659
2025-08-03,0.010280555555555551
2025-08-04,0.09886513761467891
2025-08-05,-0.006374029850746268
2025-08-06,0.07016379821958457
2025-08-07,0.07336430976430977
2025-08-08,0.03067171717171717
2025-08-09,0.12641846153846154
2025-08-10,-0.04517551020408164
2025-08-11,0.07268832684824904
2025-08-12,0.030386206896551728
2025-08-13,0.0663099150141643
2025-08-14,0.10424169741697417
2025-08-15,0.058447767857142854
2025-08-16,0.03344693877551021
2025-08-17,0.1784936170212766
2025-08-18,0.05852857142857142
2025-08-19,0.15881619047619047
2025-08-20,0.06556130952380952
2025-08-21,0.1311225352112676
2025-08-22,-0.016870297029702965
2025-08-23,0.013912903225806452
2025-08-24,0.0619
2025-08-25,0.1521314049586777
2025-08-26,0.06761826923076923
2025-08-27,0.1437372340425532
2025-08-28,0.13585853658536584
2025-08-29,0.06918850574712644
2025-08-30,0.06761904761904762
2025-08-31,0.16037391304347826
2025-09-01,0.23390952380952384
2025-09-02,0.18201499999999998
